flight,date,route,commanded_speed_mps,payload_g,cruise_altitude_m,duration_s,energy_wh_abs_vi,mean_power_w_abs_vi,central_segment_power_w,mean_wind_mps,p95_wind_mps
1,2019-04-07,R5,4.0,0.0,25.0,200.7,21.76575986473868,390.4172173047297,460.9615587118288,3.898058252330844,6.599999905
2,2019-04-07,R5,4.0,0.0,50.0,271.2,25.37425928280153,336.82645065665747,464.7117880662904,3.5229408516120753,7.300000190734862
3,2019-04-07,R5,6.0,0.0,25.0,180.1,17.090368772898234,341.6175879091263,417.4485631589429,4.581182351120306,10.5
4,2019-04-07,R5,8.0,0.0,25.0,171.0,14.70116034155552,309.4981124538004,376.1576673949984,4.59631902446985,11.100000381469727
5,2019-04-07,R2,4.0,0.0,25.0,217.0,19.049047786205474,316.0210692642383,377.2407741723025,3.333910038912585,7.0
6,2019-04-07,R3,4.0,0.0,25.0,204.49,20.113325401190412,354.09052493660073,434.9301006185591,4.027639298800849,7.300000190734862
7,2019-05-06,R4,4.0,0.0,25.0,179.61,21.52328953155373,431.4004916964168,464.83338525170046,4.8847117789008765,7.5
8,2019-05-06,R1,4.0,0.0,25.0,233.5,21.927314377487757,338.0656606379269,458.66355790601244,2.9141848495514617,5.714999866485606
10,2019-05-06,R1,6.0,0.0,25.0,138.09,16.546316528871657,431.36171702467925,468.0545859692514,5.111713667365837,9.795000171661382
12,2019-05-06,R1,10.0,0.0,25.0,116.21,12.991369182951074,402.45184630086794,455.27304076269405,5.998580653282904,12.300000190734865
14,2019-05-06,R1,12.0,250.0,25.0,106.11,14.217127504532492,482.34529277463923,548.4170676694704,6.228248587351734,14.06500024795532
15,2019-05-06,R1,10.0,250.0,25.0,113.2,14.234397628390921,452.68402351773244,504.32759690807654,5.53214285581831,12.399999618530273
16,2019-05-06,R1,8.0,250.0,25.0,125.8,15.23659251450762,436.02331520053605,495.17380943600295,5.378214286196799,11.0
17,2019-05-06,R1,6.0,250.0,25.0,139.09,17.539218334083465,453.9592062887373,493.01181252654396,5.032758619347266,8.899999618530273
18,2019-05-06,R1,4.0,250.0,25.0,170.2,23.28683402306741,492.5534810989582,513.7574373680661,5.064933920221707,8.929999732971186
20,2019-05-06,R1,8.0,250.0,50.0,140.09,18.846149797607662,484.3039422613147,509.65208373222123,4.849892922463713,10.100000381469727
23,2019-05-06,R1,12.0,250.0,50.0,127.0,16.92470140898694,479.75531553033846,527.1520430855228,5.625943393428933,13.964999866485593
59,2019-06-05,R1,10.0,250.0,50.0,141.1,17.62467431926817,449.6727678906125,528.2572805555062,5.7589798056452235,15.0
60,2019-06-05,R1,12.0,250.0,75.0,150.41,19.25475317718816,460.8544075385771,528.1148410225222,5.167896315737712,13.590000343322751
68,2019-06-05,R1,12.0,250.0,100.0,171.49,22.74537775041765,477.4818351011927,541.2631616962652,4.710664339324499,12.699999809265135
76,2019-06-11,R1,4.0,750.0,25.0,243.3,25.897701017709522,383.1965625308437,502.3464485018496,3.9262022189015084,7.599999904632567
77,2019-06-11,R1,12.0,0.0,25.0,136.3,13.386503683441505,353.5686959676406,495.5479061241537,5.7623762443120725,14.42000007629395
78,2019-06-11,R1,6.0,0.0,50.0,188.5,19.061005911989753,364.0298211308388,450.7346382808969,5.71845663959485,11.320000076293951
79,2019-06-11,R1,10.0,0.0,50.0,156.21,15.011209095499524,345.9468199462152,451.2018342399459,5.664046022544543,13.699999809265135
80,2019-06-11,R1,12.0,0.0,50.0,176.9,16.481942247665266,335.41544427131123,460.94767675089696,5.723031335973214,14.600000381469727
81,2019-06-11,R1,6.0,0.0,75.0,179.0,20.811383219338737,418.552958601226,460.04267099667265,5.833919609012316,10.800000190734863
82,2019-06-11,R1,8.0,0.0,75.0,181.9,18.85527390371375,373.1664983692661,463.26838416960044,6.137766842429078,14.300000190734865
83,2019-06-11,R1,12.0,0.0,75.0,178.3,18.343025461110013,370.3583379696918,461.754855905785,5.731486143358208,13.300000190734865
84,2019-06-11,R1,6.0,0.0,100.0,227.3,23.853230465968544,377.7898358006456,461.16932518112026,6.41034936243834,13.0
85,2019-06-11,R1,10.0,0.0,100.0,226.5,21.01730112490141,334.04981920373103,484.06151682273253,6.396301187525652,15.234999942779531
86,2019-06-11,R1,12.0,0.0,100.0,182.69,19.907294008138216,392.2834223509638,475.08116143804534,5.696551729060942,15.0
87,2019-06-11,R1,4.0,250.0,100.0,250.1,29.026134227110415,417.8092091867153,475.03872990322895,5.910173557533753,12.199999809265135
88,2019-06-11,R1,8.0,250.0,100.0,205.3,22.956267062755305,402.54535521636194,493.13390881281856,5.201022639206677,12.899999618530273
91,2019-06-19,R1,10.0,500.0,75.0,177.39,21.88121774132114,444.0632722744017,553.0876895177479,4.612405070423577,12.399999618530273
92,2019-06-19,R1,12.0,500.0,75.0,175.81,21.809803118193535,446.59172530286514,569.5108149333546,5.185434417408817,13.899999618530273
93,2019-06-19,R1,6.0,500.0,50.0,181.81,22.622655892782742,447.94874437059497,553.7851513986645,4.710461288494176,10.899999618530273
94,2019-06-19,R1,4.0,500.0,50.0,219.2,27.973605036750065,459.4205206765522,558.8688288781667,3.65462012959212,7.900000095367432
95,2019-06-19,R1,10.0,500.0,50.0,159.7,19.06812274709331,429.8387093897052,560.7948440730976,4.066979361505826,11.674999952316282
96,2019-06-19,R1,6.0,500.0,75.0,201.0,25.55301225478608,457.66589113049696,555.2392689948936,4.188366884947667,9.600000381469727
97,2019-06-19,R1,4.0,500.0,75.0,236.39,31.35291757269268,477.47579534537687,561.9985009769825,3.075776789798038,6.099999904632568
98,2019-06-19,R1,12.0,500.0,25.0,130.5,14.88776993642946,410.69710169460586,579.7829826812174,4.592307692348752,14.0
99,2019-06-19,R1,8.0,500.0,75.0,190.7,23.550984686070777,444.59121588806926,571.3642630054673,3.8040816425060737,10.300000190734863
100,2019-06-19,R1,12.0,500.0,50.0,156.01,18.381261962528054,424.1557788930261,571.451431832852,4.178598855055454,13.5
101,2019-06-19,R1,8.0,500.0,50.0,164.5,20.008372858670302,437.8732054177088,555.8087945755759,3.898360653619243,10.015000057220469
102,2019-06-19,R1,4.0,500.0,100.0,252.5,34.052405215840025,485.4996387208875,563.2587909568058,3.7238151693663677,7.5
105,2019-06-19,R1,6.0,500.0,100.0,221.1,28.98244202655868,471.89864900773966,578.0455405074183,3.7541638516853126,9.300000190734863
106,2019-06-19,R1,10.0,500.0,100.0,194.8,25.279160932225842,467.1713519302517,587.297833895716,4.039260976469636,12.0
107,2019-06-19,R1,12.0,500.0,100.0,194.9,25.079481888862503,463.24338019448436,583.437256830084,3.8265384538643636,12.899999618530273
108,2019-06-24,R1,6.0,0.0,25.0,161.9,15.744227041678915,350.08781562720253,449.12821768479245,4.894967379907748,10.800000190734863
109,2019-06-24,R1,4.0,500.0,75.0,253.9,30.984832041111567,439.32806359984886,543.5130876389085,4.537256068904184,9.699999809265137
110,2019-06-24,R1,4.0,0.0,75.0,245.8,25.519723476944684,373.763240508547,459.8595418286141,3.4013513451950117,7.0
111,2019-06-24,R1,12.0,250.0,25.0,135.8,14.101774287383748,373.8320135094366,522.072014965578,4.495364240973069,12.800000190734865
112,2019-06-24,R1,6.0,500.0,75.0,201.5,25.991261791745714,464.3600121602212,567.9533371059482,4.6520864374591415,10.994999980926519
113,2019-06-24,R1,12.0,250.0,100.0,201.2,21.85113837084058,390.9746428182211,527.8050002409313,5.304583005915004,15.199999809265135
114,2019-06-24,R1,10.0,0.0,75.0,176.92,18.861830739202322,383.8039264137936,496.9179743418315,5.368707477336838,14.399999618530273
115,2019-06-24,R1,8.0,500.0,25.0,148.8,17.397596149169747,420.90958425410673,564.1257369559393,5.675553328674324,12.600000381469727
116,2019-06-24,R1,12.0,0.0,25.0,134.9,14.024848834090413,374.27320832265,507.4795113001527,5.843348120242159,15.899999618530273
117,2019-06-24,R1,10.0,0.0,50.0,161.0,15.91870114237723,355.94611250036047,470.75433971593696,5.688164021267807,14.399999618530273
118,2019-06-24,R1,4.0,250.0,100.0,256.2,30.52633234278812,428.9414380719642,495.3757569091318,5.797417849022458,11.800000190734865
119,2019-06-24,R1,8.0,0.0,50.0,199.5,17.026428085530966,307.24381507725053,398.25613346222923,4.277119281523584,12.5
120,2019-06-25,R1,10.0,250.0,25.0,138.4,13.72621922358435,357.04038442849463,494.0067430850323,5.26590661541129,13.399999618530273
121,2019-06-25,R1,6.0,0.0,50.0,183.1,18.25591241653146,358.93656307762564,454.97301503770467,5.208032780641415,11.0
122,2019-06-25,R1,10.0,500.0,75.0,174.4,21.31732613721879,440.03654870405757,552.8005728261849,5.044969903889752,12.5
123,2019-06-25,R1,6.0,250.0,100.0,215.1,26.378507646064566,441.4812995157249,532.7033890211053,6.05658263274852,12.964999866485606
124,2019-06-25,R1,8.0,0.0,25.0,149.8,14.412413424866736,346.3597351770377,472.9154411887487,4.841465868467248,10.899999618530273
125,2019-06-25,R1,4.0,250.0,75.0,231.61,27.598362393061215,428.97156692293237,496.8452043025332,5.312409718056807,9.399999618530273
126,2019-06-25,R1,4.0,500.0,100.0,262.51,36.220091582013275,496.7137621242916,570.7849159461822,6.103141375635862,11.100000381469727
127,2019-06-25,R1,8.0,250.0,50.0,163.6,19.39459556098797,426.7759414398331,541.7469506395354,4.961418043513325,12.775000095367432
128,2019-06-25,R1,8.0,0.0,100.0,205.3,21.74335604261725,381.2765794126746,475.63506967487604,5.920909763831079,14.189999866485604
129,2019-06-25,R1,12.0,500.0,75.0,188.3,24.77281144579883,473.61721298393934,583.4198731934661,6.670192316150627,13.665000009536751
130,2019-06-25,R1,10.0,500.0,50.0,155.6,19.46237203994167,450.28624256934455,582.5672209268548,5.585645466511764,14.100000381469727
131,2019-06-25,R1,4.0,0.0,100.0,250.21,27.500948168439898,395.68128134920124,445.90068435872024,5.831995133790946,10.684999895095816
134,2019-06-29,R1,12.0,500.0,50.0,160.69,18.167618766595602,407.0161650366804,565.8566758581999,4.563221595751284,13.699999809265135
135,2019-06-29,R1,4.0,250.0,25.0,196.3,23.621958342078,433.209628280595,532.2212796880137,3.8673796828599993,8.0
136,2019-06-29,R1,8.0,250.0,25.0,177.2,15.650128507979922,317.9484346993664,475.2498803907286,3.7567202078268274,9.300000190734863
137,2019-06-29,R1,8.0,250.0,100.0,197.4,24.50399658208493,446.88139663376774,538.9905982963571,5.524030421906551,11.800000190734865
138,2019-06-29,R1,8.0,500.0,100.0,200.9,26.793520036065935,480.1228080131277,581.5395431190989,6.346676628121339,13.810000133514396
139,2019-06-29,R1,12.0,0.0,50.0,156.7,16.473606285664772,378.4619184964466,498.9220947441067,6.177320568641407,13.399999618530273
140,2019-06-29,R1,4.0,500.0,25.0,199.2,25.50767956028482,460.982160728039,571.3827050567595,4.745681813539881,9.199999809265137
141,2019-06-29,R1,12.0,0.0,75.0,237.6,19.805591309050246,300.08471680379165,414.1231473498548,5.370902159702141,14.100000381469727
142,2019-07-01,R1,8.0,250.0,75.0,177.5,21.294754882967123,431.89362016158674,525.2419720519316,4.168354435309076,9.800000190734863
143,2019-07-01,R1,12.0,0.0,75.0,167.9,17.598018336141276,377.3249911263168,482.960392245264,4.733392862416804,14.0
144,2019-07-01,R1,8.0,500.0,50.0,173.5,19.96252332017273,414.20797667217187,541.5454402961167,4.27547495713094,10.0
145,2019-07-01,R1,6.0,500.0,100.0,220.4,28.56912807308652,466.6463750594894,565.4041656074154,4.073061231204441,8.300000190734862
146,2019-07-01,R1,10.0,0.0,25.0,182.5,13.119578758356669,258.7971700278576,315.09419127068946,4.1444991710542265,11.600000381469727
147,2019-07-01,R1,6.0,250.0,75.0,244.2,23.973679440496692,353.42033573213797,451.77982080467945,3.509208106588483,8.100000381469728
148,2019-07-01,R1,4.0,0.0,50.0,304.2,22.872776012552833,270.6837397935247,325.8679702073225,2.809077452682602,5.800000190734862
149,2019-07-03,R1,10.0,250.0,75.0,173.81,20.47731400445171,424.1316979231699,532.8564327938443,4.4229706355687455,11.899999618530273
150,2019-07-03,R1,12.0,0.0,100.0,182.1,19.514813088550508,385.79531641286013,473.062993606838,4.578024693403715,13.5
151,2019-07-03,R1,12.0,250.0,50.0,149.71,17.418046284187348,418.84287370966837,547.4881414452,4.684984984579268,12.899999618530273
152,2019-07-03,R1,10.0,500.0,100.0,193.39,25.77144346294187,479.7414368198497,580.6458374051118,4.068217053865046,10.800000190734863
153,2019-07-03,R1,10.0,250.0,100.0,188.29,22.55956770747394,431.3263781767815,523.5521404545458,4.151471756297914,11.300000190734865
154,2019-07-03,R1,6.0,250.0,50.0,176.7,21.361609459030625,435.21105858806027,525.4943765463247,3.9090677997444647,7.900000095367432
155,2019-07-03,R1,12.0,500.0,100.0,188.2,25.207337460257936,482.18073781577357,587.1692306454842,4.984952231928421,13.199999809265135
156,2019-07-03,R1,4.0,500.0,50.0,217.1,28.976140348744327,480.48873908558073,573.504841820165,3.799378016383053,6.9000000953674325
157,2019-07-03,R1,10.0,250.0,50.0,150.91,17.129970260566672,408.6402023592872,511.94186953976464,4.128557211501682,11.399999618530273
158,2019-07-03,R1,12.0,250.0,75.0,168.9,20.174657506554887,430.0104619514363,547.2217745959794,4.350221827137015,13.070000267028814
159,2019-07-03,R1,6.0,250.0,25.0,160.2,18.15567742648307,407.99275115692296,514.9591100923747,3.8309924972665668,7.800000190734862
160,2019-07-03,R1,4.0,250.0,50.0,218.0,25.860248532591864,427.04997576757205,517.6906309767315,3.464624911546707,6.9000000953674325
162,2019-07-03,R1,8.0,500.0,75.0,181.3,23.42424552471785,465.12566954762417,555.0286930806949,4.316500831457167,10.5
163,2019-07-03,R1,6.0,0.0,75.0,204.11,20.424847396649618,360.2442341283554,444.5428490884366,4.308235291106736,8.699999809265138
164,2019-07-03,R1,10.0,0.0,100.0,193.1,20.196345012933996,376.5242985321719,459.8131368149079,4.614452221917847,12.600000381469727
165,2019-07-03,R1,8.0,0.0,75.0,206.0,18.635742234779528,325.67316526799175,437.9109501082501,4.480276559518848,12.0
166,2019-07-09,R1,6.0,500.0,50.0,191.99,22.272784300433646,417.6364575319606,548.014798367887,4.168930525988178,9.300000190734863
167,2019-07-09,R1,10.0,500.0,25.0,142.51,16.008416703954698,404.3947802556797,564.4062166988302,4.3995793842319815,11.349999904632568
168,2019-07-09,R1,10.0,250.0,75.0,180.8,20.683735677879493,411.84429447105185,525.5560579762358,4.323548912458357,11.399999618530273
169,2019-07-09,R1,6.0,0.0,50.0,183.3,19.61577999395225,385.2526349057725,474.29861606600946,3.8836333964221215,8.0
170,2019-07-09,R1,6.0,0.0,25.0,164.5,16.549830032852043,362.1847302022332,466.2408400149901,4.315909099605951,9.100000381469727
171,2019-07-09,R1,12.0,0.0,25.0,132.09,13.10708675322377,357.2224416050085,489.4786796919262,4.964285718661452,13.300000190734865
172,2019-07-09,R1,6.0,0.0,100.0,221.0,23.60689473117833,384.54670150335744,457.497569740974,3.8642953933900612,8.0
173,2019-07-09,R1,6.0,250.0,100.0,236.6,26.923657881383736,409.6583616778591,534.1809855988006,4.077108439192714,8.82000007629395
174,2019-07-09,R1,12.0,250.0,75.0,171.8,19.994482040152988,418.97634077154106,543.1958411113663,4.35104711962308,12.800000190734865
175,2019-07-09,R1,6.0,0.0,75.0,195.2,20.816565655199206,383.91207150982143,453.5976495787909,4.095628841820122,8.199999809265138
176,2019-07-09,R1,8.0,0.0,100.0,203.4,21.951787497453576,388.52721234431107,481.9455957223965,4.146131182324166,10.219999885559087
177,2019-07-09,R1,10.0,0.0,25.0,139.0,13.557357293179884,351.1258003989035,479.5947917322522,4.934015066746875,11.899999618530273
178,2019-07-10,R1,10.0,500.0,25.0,138.1,15.913542980432396,414.83529854856357,563.9410203231488,4.703675672266934,12.800000190734865
179,2019-07-10,R1,6.0,500.0,100.0,211.9,28.37731900710931,482.1064106918052,569.5150248663323,4.78711960649794,11.600000381469727
180,2019-07-10,R1,10.0,500.0,75.0,172.0,22.002111614253902,460.509312856477,568.8967335693312,5.323780476008558,14.600000381469727
181,2019-07-10,R1,6.0,250.0,50.0,175.6,20.794896083792626,426.3190541096438,512.1585766952402,4.609044369627998,9.899999618530273
182,2019-07-10,R1,8.0,500.0,50.0,180.8,20.476773946239838,407.723375035749,565.683468173354,4.185584095668576,11.600000381469727
183,2019-07-10,R1,12.0,500.0,25.0,135.9,15.154406165554697,401.44122292860123,569.2799860874702,4.930870996946274,14.0
184,2019-07-10,R1,4.0,500.0,100.0,249.9,34.18684956031291,492.48762871999384,565.6644889653546,4.223201442715362,7.800000190734862
185,2019-07-10,R1,10.0,250.0,50.0,190.3,17.703678090895362,334.90930702692225,446.1758816474913,4.186524829731108,12.5
186,2019-07-10,R1,12.0,0.0,75.0,168.9,18.54096382933139,395.18928233033154,504.7020912682267,4.814893613787407,14.565000247955332
187,2019-07-10,R1,12.0,250.0,25.0,137.8,13.867825975343036,362.2944376722419,515.5615537132105,4.532282612286508,13.105000352859493
188,2019-07-10,R1,4.0,0.0,100.0,306.3,27.482740419033917,323.0096817124456,412.623261510414,3.447747301737195,7.699999809265138
189,2019-07-10,R1,8.0,250.0,25.0,147.9,15.148736933134415,368.731933463718,494.4122355076935,4.98987855282631,10.5
190,2019-07-10,R1,10.0,250.0,100.0,196.61,23.005921081882445,421.2467112292192,526.8516829784598,4.129878044741728,12.5
191,2019-07-15,R1,12.0,250.0,100.0,193.0,23.148353370912275,431.7827571776383,521.2346279252534,3.499145301037179,12.699999809265135
192,2019-07-15,R1,12.0,0.0,50.0,158.89,15.284676337514666,346.3077274532872,464.30996949835014,3.779433975087584,12.699999809265135
193,2019-07-15,R1,4.0,500.0,50.0,217.8,27.860684210926493,460.50717704010725,531.1451281328983,3.283620105219232,5.800000190734862
194,2019-07-15,R1,12.0,0.0,100.0,204.71,19.337946633918623,340.07428988377234,458.6329534885086,3.648389458154515,12.399999618530273
195,2019-07-15,R1,8.0,250.0,100.0,208.79,23.274456763600014,401.3029567937164,511.343811609167,3.559397413236339,10.0
196,2019-07-15,R1,12.0,250.0,50.0,266.11,16.895127222763374,228.56133930310077,254.23690272546247,2.566422540243243,12.130000209808344
197,2019-07-15,R1,10.0,250.0,25.0,137.3,14.207579011833054,372.52210082009464,504.7845154150807,4.45272925056875,11.399999618530273
198,2019-07-15,R1,10.0,0.0,50.0,152.9,15.764355865192666,371.16861422297967,458.16736229770544,4.088431371573139,11.399999618530273
199,2019-07-15,R1,4.0,250.0,50.0,232.0,24.787023461039098,384.6262261195722,492.6598676944066,2.90354837492589,5.300000190734863
200,2019-07-15,R1,4.0,500.0,25.0,196.89,24.061761732518498,439.95298002471736,538.1004189257412,3.5154725544427228,5.599999904632568
201,2019-07-15,R1,4.0,250.0,75.0,234.5,28.178064688030982,432.58436194845,505.80082830006035,3.1733205358492436,5.699999809265138
202,2019-07-15,R1,4.0,250.0,25.0,214.32,22.702568816713104,381.3421413781597,507.51713904233213,3.121653851526303,5.400000095367432
203,2019-07-15,R1,8.0,0.0,25.0,142.7,14.325519970558075,361.40064396642657,452.7087871729558,4.305047324747944,9.199999809265137
204,2019-07-15,R1,6.0,250.0,25.0,166.5,18.36814196995836,397.14901556666723,503.36966009076514,3.7575539587427387,7.599999904632567
205,2019-07-15,R1,6.0,500.0,25.0,161.8,19.469796421454124,433.1969537529966,552.6529003784225,4.015199264599506,7.800000190734862
206,2019-07-15,R1,8.0,250.0,75.0,185.7,20.838842736315097,403.9840271983541,508.70633938171466,4.024616631555211,9.899999618530273
207,2019-07-15,R1,8.0,0.0,50.0,165.2,16.54055150823678,360.44785369038993,457.01943782644804,4.545281314482057,10.0
208,2019-07-15,R1,6.0,250.0,75.0,198.09,22.990103302176305,417.8119636924363,508.3286261683956,4.267499998031241,8.5
209,2019-07-15,R1,6.0,500.0,50.0,175.3,22.986734587491885,472.0607217054807,561.9981331172627,4.021214716066347,8.5
210,2019-07-15,R1,4.0,250.0,100.0,251.49,31.161511018621287,446.0671981670707,511.89285116399196,3.3499105508990707,5.800000190734862
211,2019-07-18,A1,0.0,0.0,0.0,131.9,0.1597332490947395,4.35966411479198,4.320205735021478,0.09103291849611024,0.20000000298023224
212,2019-07-18,A1,0.0,0.0,0.0,120.3,0.11252732778874062,3.367401330336378,3.3461943344470373,0.138757766089084,0.20000000298023224
213,2019-07-18,A1,0.0,0.0,0.0,58.61,0.062313751007790096,3.8274953698693794,3.8609875066796837,0.14744898211210966,0.20000000298023224
214,2019-07-18,A2,0.0,0.0,0.0,136.21,0.358441579568377,9.473531212437834,10.211642601777083,0.11846154034137726,0.20000000298023224
215,2019-07-18,A2,0.0,0.0,0.0,58.59,0.15418712116840189,9.473863051821928,9.815350556810536,0.11099744410923375,0.20000000298023224
216,2019-07-18,A2,0.0,0.0,0.0,58.69,0.1476168421177612,9.054704917770323,10.143516557706862,0.08698979721461632,0.10000000149011612
217,2019-07-18,A3,0.0,0.0,0.0,140.1,1.2726195832088534,32.701145607079745,36.724196428073775,0.30320856222972514,0.5
218,2019-07-18,A3,0.0,0.0,0.0,142.8,1.259193342230025,31.744369972185503,36.17669232502194,0.22791186279977857,0.4000000059604645
219,2019-07-18,A3,0.0,0.0,0.0,126.41,1.2393204780256253,35.29430995089194,35.248977088530395,0.2614014326924383,0.4000000059604645
221,2019-07-18,H,0.0,0.0,3.0,121.2,15.508426023464759,460.6463175286562,457.28322701886805,2.6887515423766466,4.0
222,2019-07-18,H,0.0,0.0,3.0,142.4,18.684184699949714,472.3529839874928,483.1226137842796,2.373263155723873,4.300000190734863
223,2019-07-18,H,0.0,0.0,3.0,128.4,16.311977429836446,457.34516158419945,481.2695892444925,1.8904317351038564,3.5999999046325684
224,2019-07-18,H,0.0,0.0,3.0,176.61,17.64937204689772,359.76297700487964,438.5426854139495,2.256791168491788,3.5999999046325684
225,2019-07-24,R1,8.0,250.0,75.0,174.39,21.216047548542477,437.97104865389593,521.0244067443131,4.6534823712253,11.199999809265137
226,2019-07-24,R1,8.0,500.0,75.0,187.0,22.969246240907335,442.18869768591657,557.4608894601566,4.445004001795817,10.550000190734863
227,2019-07-24,R1,6.0,0.0,100.0,216.21,24.313660725211793,404.8340900548654,483.0007160313766,3.6589743633259526,8.399999618530272
228,2019-07-24,R1,10.0,500.0,100.0,190.71,24.636884822774935,465.06625432326445,570.9382929899859,4.551298186780898,12.150000095367432
229,2019-07-24,R1,10.0,0.0,50.0,157.9,15.376491385692903,350.5723178498699,453.1772330266832,4.7264007635039595,11.540000152587888
230,2019-07-24,R1,6.0,500.0,25.0,164.6,19.51557188920692,426.82903281376014,555.0689934319095,4.1780510048342965,9.699999809265137
231,2019-07-24,R1,8.0,500.0,100.0,198.4,26.96983420538773,489.3719916300193,590.4574552154278,4.184981132048481,10.100000381469727
232,2019-07-24,R1,12.0,500.0,100.0,200.1,24.44088872176262,439.71613892226605,584.4422666724952,3.8640718559628566,12.800000190734865
233,2019-07-24,R1,4.0,0.0,50.0,216.71,23.123508096734916,384.12915485324027,455.49112812879395,3.532365157499518,7.300000190734862
234,2019-07-24,R1,10.0,0.0,100.0,189.3,20.013984428496048,380.6146008588789,463.13978372588696,4.024069683993514,11.199999809265137
235,2019-07-24,R1,12.0,500.0,25.0,141.4,15.078118805637315,383.8842128733687,555.694199859,4.502332986475681,12.899999618530273
236,2019-07-24,R1,12.0,500.0,50.0,155.4,17.893686365829105,414.5255528763499,562.5542561446832,4.768532822893853,13.0
237,2019-07-24,R1,4.0,0.0,100.0,284.61,28.3460898467343,358.54651434680255,460.9999719672142,3.9117554041370948,8.699999809265138
238,2019-07-24,R1,4.0,500.0,50.0,216.31,29.01365705395341,482.86794597675686,564.9486466773898,5.675207766541732,11.0
239,2019-07-24,R1,4.0,500.0,75.0,250.8,31.336042350883936,449.7996509696259,550.8214587323799,5.898267628827545,11.100000381469727
240,2019-07-24,R1,6.0,500.0,75.0,200.8,25.705857713077464,460.8619908719067,559.2257382924944,5.514499252954406,12.815000104904186
241,2019-08-05,R1,10.0,0.0,75.0,172.7,18.68015736035074,389.39528950354764,481.44303707785707,4.747569444718668,13.199999809265135
242,2019-08-05,R1,8.0,500.0,100.0,264.61,26.080103422012375,354.8179294782682,448.5981362649052,4.2867422146263605,12.399999618530273
243,2019-08-05,R1,4.0,500.0,25.0,242.7,25.016836097864363,371.0779149250585,498.65960074312045,3.3444718987927753,7.800000190734862
246,2019-08-05,R1,8.0,0.0,100.0,204.4,21.9656084048445,386.86981534951167,482.5699051162069,4.592386533867562,11.199999809265137
247,2019-08-05,R1,8.0,0.0,75.0,187.6,19.60706603116198,376.254998465795,468.0610882826969,4.2110040135472175,10.699999809265137
248,2019-08-05,R1,4.0,250.0,75.0,238.69,27.885476271289885,420.57779788279186,495.979667409606,4.090583807541489,9.0
249,2019-08-05,R1,8.0,0.0,50.0,165.4,16.48364583958624,358.77342818930146,451.7434488255233,4.242973704171365,10.699999809265137
250,2019-08-05,R1,10.0,250.0,100.0,165.2,21.758777205320705,474.16221512805413,523.2442080012506,5.34604904864941,13.600000381469727
251,2019-08-05,R1,8.0,250.0,50.0,176.5,18.450443217377867,376.3263205810783,522.356397665046,4.651062013288626,12.0
252,2019-08-05,R1,12.0,500.0,75.0,193.01,21.313162890230316,397.5306274536508,582.6290286938864,3.9577760523413983,13.874999761581421
253,2019-08-05,R1,10.0,500.0,25.0,153.1,15.926602418577232,374.49881585158744,558.6012325428738,4.2984329112946815,12.199999809265135
254,2019-08-05,R1,10.0,500.0,50.0,165.39,19.057660237497604,414.82300535093646,561.1323875535553,4.165185859843967,12.0
255,2019-08-05,R1,6.0,500.0,25.0,165.21,19.79454510705663,431.3320161334294,553.6433011766447,3.8541742383879347,7.900000095367432
256,2019-08-05,R1,10.0,250.0,75.0,172.4,20.14263627344066,420.6118943409883,518.4646293101857,4.153565226637799,11.899999618530273
257,2019-08-05,R1,6.0,250.0,75.0,210.0,23.96637084884374,410.85207169446414,507.0055398942906,3.672234131583012,9.0
258,2019-08-05,R1,4.0,250.0,50.0,219.3,25.95772028475664,426.118527246347,513.807217433873,3.2755130035178444,5.9000000953674325
260,2019-08-05,R1,4.0,0.0,75.0,244.71,26.05665332480463,383.32700735277126,469.7169734795519,3.0797181299650203,6.300000190734862
261,2019-08-05,R1,6.0,250.0,50.0,192.9,21.20846621731481,395.80341307585957,511.33074308998505,3.591841492509555,8.399999618530272
262,2019-08-05,R1,10.0,0.0,75.0,172.51,18.649313809514272,389.18050961829096,472.44988412260835,3.8117493486552263,11.300000190734865
263,2019-08-05,R1,4.0,0.0,75.0,238.4,25.442952280569845,384.20565524350434,455.87915491903215,3.1540880645596006,5.800000190734862
264,2019-08-05,R1,6.0,250.0,100.0,227.1,24.942085528661895,395.3831259497262,498.31939256917434,3.4395379462651294,8.800000190734863
267,2019-09-19,R1,8.0,500.0,25.0,152.61,16.726085188492466,394.56068854316806,531.8524915288464,5.058374639899572,10.0
268,2019-09-19,R6,6.0,500.0,25.0,232.51,28.730816471797713,444.84512192366685,540.5041528190126,5.459894103020884,10.100000381469727
269,2019-09-19,R6,12.0,500.0,25.0,201.51,20.036176802055916,357.94866997866757,498.74222414756247,5.548139713608413,14.0
270,2019-09-19,R6,10.0,250.0,75.0,221.4,24.099960851528852,391.86928213868055,477.6670783380894,5.629331519692567,13.0
271,2019-09-19,R6,10.0,0.0,25.0,184.7,18.42628322986085,359.1479135219224,464.87920618099014,5.699425757090218,12.899999618530273
272,2019-09-19,R6,4.0,250.0,50.0,428.29,38.011053335381774,319.5026547604996,395.00100070995717,3.9328081172627476,8.0
275,2019-10-24,R1,8.0,500.0,25.0,149.4,16.303540730773477,392.8564031511681,520.11165494625,4.139877931086966,10.0
276,2019-10-24,R1,10.0,500.0,25.0,147.9,15.407799661159586,375.03771994708933,530.111215672133,4.392581297069546,12.5
277,2019-10-24,R1,10.0,500.0,25.0,134.81,15.536775617158737,414.89794690135335,542.3499245347934,5.524651158271834,13.600000381469727
278,2019-10-24,R7,10.0,500.0,nan,186.39,18.112571153776784,349.8323738054425,534.0992104409687,4.686967417162064,13.199999809265135
279,2019-10-24,R7,10.0,0.0,nan,152.7,15.465604098574993,364.6114915184674,489.48017774410465,5.051518222581037,14.0
