episode_date,split,observed_purchase_count,mean_actual_wind_mps,max_actual_wind_mps,nonzero_arrival_steps,direct_replay_eligible
2016-10-02,calibration,0,4.85926,5.66,0,0
2016-10-03,calibration,1,3.04148,3.3,1,1
2016-10-04,calibration,8,2.68333,4.18,7,1
2016-10-05,calibration,1,4.47593,5.0,1,1
2016-10-06,calibration,4,4.49519,5.64,3,1
2016-10-07,calibration,6,2.55667,4.19333,6,1
2016-10-08,calibration,4,1.68926,2.48,3,1
2016-10-09,calibration,0,4.37148,5.56,0,0
2016-10-10,calibration,0,5.19185,5.8,0,0
2016-10-11,calibration,0,2.49444,4.79,0,0
2016-10-12,calibration,0,2.69148,4.34,0,0
2016-10-13,calibration,0,5.21074,6.08,0,0
2016-10-14,calibration,0,3.81148,5.15,0,0
2016-10-15,calibration,0,1.99444,2.95,0,0
2016-10-16,calibration,0,2.46074,3.58,0,0
2016-10-17,calibration,0,2.79926,3.7,0,0
2016-10-18,calibration,0,2.31111,3.45,0,0
2016-10-19,calibration,0,1.99593,2.82,0,0
2016-10-20,calibration,0,2.23741,3.78,0,0
2016-10-21,calibration,0,4.8537,5.22,0,0
2016-10-22,calibration,0,5.17222,5.81,0,0
2016-10-23,calibration,0,3.52259,4.5,0,0
2016-10-24,calibration,0,2.3163,4.04,0,0
2016-10-25,calibration,0,1.57704,3.05,0,0
2016-10-26,calibration,0,2.66296,3.28,0,0
2016-10-27,calibration,0,7.49037,9.04,0,0
2016-10-28,calibration,0,2.69556,6.08,0,0
2016-10-29,calibration,0,5.49815,6.11,0,0
2016-10-30,calibration,0,4.43037,5.89,0,0
2016-10-31,calibration,0,1.75593,2.73,0,0
2016-11-01,calibration,0,4.10148,5.01,0,0
2016-11-02,calibration,0,5.16963,6.4,0,0
2016-11-03,calibration,0,3.84778,4.46,0,0
2016-11-04,calibration,0,4.18037,4.47,0,0
2016-11-05,calibration,0,4.71222,5.19,0,0
2016-11-06,calibration,0,2.70037,3.47,0,0
2016-11-07,calibration,0,1.92148,3.54,0,0
2016-11-08,calibration,0,1.55963,3.34667,0,0
2016-11-09,calibration,0,3.70667,4.85,0,0
2016-11-10,calibration,0,4.32593,5.32,0,0
2016-11-11,calibration,0,2.74556,3.99,0,0
2016-11-12,calibration,0,5.46593,5.85,0,0
2016-11-13,calibration,0,3.92296,4.25,0,0
2016-11-14,calibration,0,4.71519,5.02,0,0
2016-11-15,calibration,0,3.15296,3.66,0,0
2016-11-16,calibration,0,3.34074,4.7,0,0
2016-11-17,calibration,0,2.79222,3.37,0,0
2016-11-18,calibration,0,4.57704,5.94,0,0
2016-11-19,calibration,0,4.92296,5.9,0,0
2016-11-20,calibration,0,2.23852,4.63333,0,0
2016-11-21,calibration,0,1.89444,3.1,0,0
2016-11-22,calibration,0,3.08407,4.74,0,0
2016-11-23,calibration,0,2.87778,3.99,0,0
2016-11-24,calibration,0,2.7863,4.38,0,0
2016-11-25,calibration,0,2.65,4.31,0,0
2016-11-26,calibration,0,2.27556,3.82,0,0
2016-11-27,calibration,0,1.69667,2.92,0,0
2016-11-28,calibration,0,3.10481,4.19,0,0
2016-11-29,calibration,0,3.92593,5.6,0,0
2016-11-30,calibration,0,5.3837,5.81,0,0
2016-12-01,calibration,0,4.46963,5.12,0,0
2016-12-02,calibration,0,1.6737,3.74,0,0
2016-12-03,calibration,0,3.65963,5.42,0,0
2016-12-04,calibration,0,5.76444,6.84,0,0
2016-12-05,calibration,0,6.03852,7.73,0,0
2016-12-06,calibration,0,1.64407,2.6,0,0
2016-12-07,calibration,0,2.17667,3.58,0,0
2016-12-08,calibration,0,3.26556,4.31,0,0
2016-12-09,calibration,0,2.24259,3.2,0,0
2016-12-10,calibration,0,3.19667,3.92,0,0
2016-12-11,calibration,0,4.10889,5.64,0,0
2016-12-12,calibration,0,1.43222,3.33,0,0
2016-12-13,calibration,0,2.78815,3.85,0,0
2016-12-14,calibration,0,4.46333,5.76,0,0
2016-12-15,calibration,0,6.80074,7.06,0,0
2016-12-16,calibration,0,5.13704,5.3,0,0
2016-12-17,calibration,0,2.72185,4.32,0,0
2016-12-18,calibration,0,1.91222,3.49,0,0
2016-12-19,calibration,0,2.77444,3.45,0,0
2016-12-20,calibration,0,3.54556,4.49,0,0
2016-12-21,calibration,0,2.87815,3.62,0,0
2016-12-22,calibration,0,2.97111,4.53,0,0
2016-12-23,calibration,0,1.51481,2.4,0,0
2016-12-24,calibration,0,2.40741,3.33,0,0
2016-12-25,calibration,0,2.41,4.06,0,0
2016-12-26,calibration,0,2.27074,2.69,0,0
2016-12-27,calibration,0,3.02185,3.89,0,0
2016-12-28,calibration,0,2.22407,4.08,0,0
2016-12-29,calibration,0,1.77,2.78667,0,0
2016-12-30,calibration,0,3.11778,4.31,0,0
2016-12-31,calibration,0,3.63519,4.55,0,0
2017-01-01,calibration,0,4.64407,5.56,0,0
2017-01-02,calibration,0,2.2763,2.92,0,0
2017-01-03,calibration,0,2.37111,3.48,0,0
2017-01-04,calibration,0,4.39259,4.79,0,0
2017-01-05,calibration,0,3.97926,4.83,0,0
2017-01-06,calibration,0,2.67407,3.64,0,0
2017-01-07,calibration,0,1.6337,3.0,0,0
2017-01-08,calibration,0,1.9563,2.4,0,0
2017-01-09,calibration,0,2.96926,3.84,0,0
2017-01-10,calibration,0,3.37815,3.83,0,0
2017-01-11,calibration,0,1.8537,3.67,0,0
2017-01-12,calibration,3,2.87704,5.66,3,1
2017-01-13,calibration,0,2.36259,3.11333,0,0
2017-01-14,calibration,1,1.05333,3.79667,1,1
2017-01-15,calibration,1,1.62667,2.98,1,1
2017-01-16,calibration,2,3.05852,3.85,2,1
2017-01-17,calibration,1,4.92889,6.04,1,1
2017-01-18,calibration,2,2.84296,3.89,2,1
2017-01-19,calibration,2,1.50481,2.73,2,1
2017-01-20,calibration,2,0.94852,1.52,2,1
2017-01-21,calibration,0,1.59148,2.3,0,0
2017-01-22,calibration,2,1.61667,2.22,2,1
2017-01-23,calibration,3,2.06407,3.09,3,1
2017-01-24,calibration,4,3.0337,4.26,4,1
2017-01-25,calibration,5,5.47296,6.8,5,1
2017-01-26,calibration,6,2.72815,3.55,4,1
2017-01-27,calibration,6,2.22296,2.88,5,1
2017-01-28,calibration,2,2.89889,4.31,2,1
2017-01-29,calibration,1,2.97519,4.95,1,1
2017-01-30,calibration,2,2.84963,4.04,2,1
2017-01-31,calibration,8,2.63667,3.4,7,1
2017-02-01,calibration,9,1.54481,2.31,6,1
2017-02-02,calibration,4,3.62481,4.66,4,1
2017-02-03,calibration,5,4.72444,6.48,5,1
2017-02-04,calibration,5,3.37778,4.34,5,1
2017-02-05,calibration,5,2.76222,3.44,5,1
2017-02-06,calibration,6,2.5337,2.78,6,1
2017-02-07,calibration,8,2.93481,5.05,6,1
2017-02-08,calibration,6,3.65852,5.06,5,1
2017-02-09,calibration,6,3.56148,5.36,5,1
2017-02-10,calibration,6,2.37259,3.92667,5,1
2017-02-11,calibration,3,2.49333,3.05,3,1
2017-02-12,calibration,2,2.52889,3.06,2,1
2017-02-13,calibration,3,2.93667,3.72,3,1
2017-02-14,calibration,8,2.0837,2.97,8,1
2017-02-15,calibration,9,1.95074,4.11333,8,1
2017-02-16,calibration,3,2.15037,3.28667,3,1
2017-02-17,calibration,1,2.26074,2.87,1,1
2017-02-18,calibration,5,1.6763,2.92,5,1
2017-02-19,calibration,2,1.80074,4.16,2,1
2017-02-20,calibration,4,2.70593,6.02,4,1
2017-02-21,calibration,6,2.76148,4.69333,6,1
2017-02-22,calibration,7,2.00815,3.13,7,1
2017-02-23,calibration,7,2.42704,3.67,7,1
2017-02-24,calibration,2,2.29111,3.3,2,1
2017-02-25,calibration,3,3.79741,5.01,3,1
2017-02-26,calibration,6,2.06778,2.66,6,1
2017-02-27,calibration,7,2.52074,3.57333,7,1
2017-02-28,calibration,1,3.43815,3.89,1,1
2017-03-01,calibration,11,4.03778,4.64,10,1
2017-03-02,calibration,4,3.37889,4.72,4,1
2017-03-03,calibration,5,3.04185,3.92,5,1
2017-03-04,calibration,7,4.49333,5.19,6,1
2017-03-05,calibration,4,3.53852,4.99,3,1
2017-03-06,calibration,10,0.9337,1.63,9,1
2017-03-07,calibration,10,2.60111,3.89,10,1
2017-03-08,calibration,6,3.03481,4.05,6,1
2017-03-09,calibration,9,2.15333,3.04,7,1
2017-03-10,calibration,7,2.31037,3.12,6,1
2017-03-11,calibration,6,2.22667,3.45333,6,1
2017-03-12,calibration,5,4.03222,4.85,5,1
2017-03-13,calibration,5,3.47704,4.48,4,1
2017-03-14,calibration,14,3.05815,4.19,13,1
2017-03-15,calibration,8,2.41444,2.97,7,1
2017-03-16,calibration,7,2.98519,3.47,7,1
2017-03-17,calibration,5,2.67259,5.30667,5,1
2017-03-18,calibration,3,4.57815,5.28,3,1
2017-03-19,calibration,7,3.89259,4.8,6,1
2017-03-20,calibration,6,4.97815,5.77,6,1
2017-03-21,calibration,9,3.75037,4.55,6,1
2017-03-22,calibration,13,2.79704,4.54333,11,1
2017-03-23,calibration,7,1.87926,3.63,7,1
2017-03-24,calibration,10,1.66259,2.92333,6,1
2017-03-25,calibration,5,2.87222,4.44,5,1
2017-03-26,calibration,2,3.23778,4.88,2,1
2017-03-27,calibration,10,2.41704,3.86,9,1
2017-03-28,calibration,9,3.50333,4.96,8,1
2017-03-29,calibration,3,4.01741,4.89,3,1
2017-03-30,calibration,6,2.92963,4.66,5,1
2017-03-31,calibration,1,3.97741,5.31,1,1
2017-04-01,calibration,6,4.89185,5.51,6,1
2017-04-02,calibration,7,3.12519,3.64333,6,1
2017-04-03,calibration,5,1.39778,3.36667,5,1
2017-04-04,calibration,9,2.32296,2.72,9,1
2017-04-05,calibration,5,3.73852,4.83,5,1
2017-04-06,calibration,8,3.09852,3.62,6,1
2017-04-07,calibration,5,1.87556,3.58,5,1
2017-04-08,calibration,5,3.2437,4.89,5,1
2017-04-09,calibration,5,2.6363,3.95,4,1
2017-04-10,calibration,5,1.75963,3.4,5,1
2017-04-11,calibration,7,2.58741,3.4,7,1
2017-04-12,calibration,8,4.8037,5.19,7,1
2017-04-13,calibration,1,4.26852,4.5,1,1
2017-04-14,calibration,1,1.73667,3.02333,1,1
2017-04-15,calibration,7,1.65148,3.36,6,1
2017-04-16,calibration,4,2.45407,3.62,3,1
2017-04-17,calibration,1,3.7337,4.52,1,1
2017-04-18,calibration,1,4.93074,5.28,1,1
2017-04-19,calibration,5,4.12481,4.42,5,1
2017-04-20,calibration,4,1.83815,2.94,3,1
2017-04-21,calibration,6,4.09556,6.31,4,1
2017-04-22,calibration,2,3.0863,3.93,2,1
2017-04-23,calibration,5,4.0937,4.39,5,1
2017-04-24,calibration,5,1.82741,3.44,5,1
2017-04-25,calibration,6,3.93815,5.04,5,1
2017-04-26,calibration,9,4.14889,6.02,8,1
2017-04-27,calibration,7,1.59667,3.50333,6,1
2017-04-28,calibration,7,4.07741,4.28,6,1
2017-04-29,calibration,4,4.08296,4.24,4,1
2017-04-30,calibration,3,3.59667,4.41,1,1
2017-05-01,calibration,12,2.57593,3.66667,9,1
2017-05-02,calibration,7,1.69037,3.26,7,1
2017-05-03,calibration,4,1.84963,2.83,4,1
2017-05-04,calibration,10,1.66185,2.21,9,1
2017-05-05,calibration,4,2.76148,4.25,3,1
2017-05-06,calibration,6,1.83778,3.03333,5,1
2017-05-07,calibration,9,3.31111,3.86,6,1
2017-05-08,calibration,4,1.89926,2.7,4,1
2017-05-09,calibration,8,2.85148,4.0,7,1
2017-05-10,calibration,7,2.50667,3.26667,7,1
2017-05-11,calibration,15,3.59259,4.58,10,1
2017-05-12,calibration,11,1.6937,3.72,10,1
2017-05-13,calibration,3,3.65,4.9,3,1
2017-05-14,calibration,5,6.00407,7.16,4,1
2017-05-15,calibration,18,1.91185,2.92,15,1
2017-05-16,calibration,20,2.88741,3.31333,14,1
2017-05-17,calibration,16,3.34333,4.3,13,1
2017-05-18,calibration,9,3.10519,4.04,7,1
2017-05-19,calibration,11,1.2963,2.55,10,1
2017-05-20,calibration,6,1.38444,1.84,6,1
2017-05-21,calibration,13,1.80407,3.62,11,1
2017-05-22,calibration,16,3.49148,4.27,12,1
2017-05-23,calibration,17,2.19259,2.94,11,1
2017-05-24,calibration,8,1.29222,1.91,8,1
2017-05-25,calibration,13,1.70815,2.33,11,1
2017-05-26,calibration,6,1.63444,2.36,6,1
2017-05-27,calibration,7,2.80148,3.72,7,1
2017-05-28,calibration,10,1.46148,1.91,8,1
2017-05-29,calibration,15,2.28593,3.09,13,1
2017-05-30,calibration,6,2.95556,3.66,6,1
2017-05-31,calibration,9,2.70222,3.54,8,1
2017-06-01,calibration,14,6.31185,7.92,10,1
2017-06-02,calibration,17,1.18741,2.47,15,1
2017-06-03,calibration,7,2.02,3.64,7,1
2017-06-04,calibration,4,2.83148,3.7,3,1
2017-06-05,calibration,9,1.86704,3.0,8,1
2017-06-06,calibration,12,3.45185,5.37,9,1
2017-06-07,calibration,12,2.56815,3.36,10,1
2017-06-08,calibration,13,5.92037,6.89,11,1
2017-06-09,calibration,13,5.39889,6.4,11,1
2017-06-10,calibration,6,2.02852,2.47,6,1
2017-06-11,calibration,7,0.88296,1.36,6,1
2017-06-12,calibration,15,1.72889,2.55,12,1
2017-06-13,calibration,7,2.03963,3.45,7,1
2017-06-14,calibration,8,2.55556,3.29333,7,1
2017-06-15,calibration,7,3.81556,4.41,5,1
2017-06-16,calibration,6,2.28259,2.6,4,1
2017-06-17,calibration,7,2.75667,3.81,7,1
2017-06-18,calibration,5,3.09704,4.34,5,1
2017-06-19,calibration,13,2.5237,4.53,11,1
2017-06-20,calibration,10,4.64259,5.19,7,1
2017-06-21,calibration,7,3.83074,4.15,7,1
2017-06-22,calibration,9,4.1237,4.74,8,1
2017-06-23,calibration,5,2.59444,3.05,5,1
2017-06-24,calibration,3,2.63148,3.43667,3,1
2017-06-25,calibration,6,2.70667,3.28,5,1
2017-06-26,calibration,7,2.07815,2.55,5,1
2017-06-27,calibration,22,0.86444,1.56667,9,1
2017-06-28,calibration,12,1.05074,1.59667,10,1
2017-06-29,calibration,7,1.16889,1.41,6,1
2017-06-30,calibration,11,2.19444,2.94,10,1
2017-07-01,calibration,4,3.36778,3.96,4,1
2017-07-02,calibration,9,4.91556,5.22,7,1
2017-07-03,calibration,9,4.7263,5.41,8,1
2017-07-04,calibration,9,3.82926,4.41,6,1
2017-07-05,calibration,11,2.19259,2.61,10,1
2017-07-06,calibration,14,2.24593,3.24,14,1
2017-07-07,calibration,15,2.32778,2.79333,12,1
2017-07-08,calibration,4,1.97741,2.7,4,1
2017-07-09,calibration,5,1.90259,2.34,5,1
2017-07-10,calibration,12,1.50852,2.48,9,1
2017-07-11,calibration,12,1.05444,1.84667,11,1
2017-07-12,calibration,10,2.65444,3.75,9,1
2017-07-13,calibration,7,1.91889,2.72,7,1
2017-07-14,calibration,12,1.51852,2.01,10,1
2017-07-15,calibration,5,4.61333,5.92,5,1
2017-07-16,calibration,6,4.60111,5.86,6,1
2017-07-17,calibration,5,2.74963,4.2,5,1
2017-07-18,calibration,12,4.98926,5.13,10,1
2017-07-19,calibration,13,4.42037,4.92,11,1
2017-07-20,calibration,16,2.00778,2.78,12,1
2017-07-21,calibration,12,2.69296,4.25,10,1
2017-07-22,calibration,7,1.9437,3.42,7,1
2017-07-23,calibration,9,2.36444,3.94,8,1
2017-07-24,calibration,6,1.87667,2.6,4,1
2017-07-25,calibration,8,1.72111,3.09,8,1
2017-07-26,calibration,15,1.41148,2.62,12,1
2017-07-27,calibration,13,2.4963,4.02,8,1
2017-07-28,calibration,10,2.64556,3.1,8,1
2017-07-29,calibration,6,2.64593,3.18,5,1
2017-07-30,calibration,11,1.80296,2.59667,8,1
2017-07-31,calibration,17,1.43222,2.64,14,1
2017-08-01,calibration,15,3.31185,4.6,13,1
2017-08-02,calibration,16,4.18481,5.14,13,1
2017-08-03,calibration,20,6.76741,7.65,16,1
2017-08-04,calibration,11,4.76296,5.6,8,1
2017-08-05,calibration,8,5.26296,5.52,8,1
2017-08-06,calibration,9,3.98037,4.43,8,1
2017-08-07,calibration,16,2.01667,2.77,11,1
2017-08-08,calibration,7,3.7537,4.74,6,1
2017-08-09,calibration,15,4.98889,5.94,12,1
2017-08-10,calibration,10,3.37222,3.96,9,1
2017-08-11,calibration,7,4.42,4.64,6,1
2017-08-12,calibration,5,2.81,3.52,4,1
2017-08-13,calibration,5,3.81296,4.3,4,1
2017-08-14,calibration,18,2.33296,4.55,14,1
2017-08-15,calibration,11,3.49963,5.11,10,1
2017-08-16,calibration,14,1.8463,2.15,10,1
2017-08-17,calibration,13,2.73259,3.11,10,1
2017-08-18,calibration,16,2.02481,2.65,13,1
2017-08-19,calibration,6,1.68074,2.6,3,1
2017-08-20,calibration,9,2.99778,4.3,8,1
2017-08-21,calibration,21,6.12407,6.4,15,1
2017-08-22,calibration,9,5.27593,6.07,8,1
2017-08-23,calibration,12,2.49333,2.93,11,1
2017-08-24,calibration,14,2.82963,3.36,9,1
2017-08-25,calibration,7,1.99037,3.36667,6,1
2017-08-26,calibration,9,1.19148,2.38667,8,1
2017-08-27,calibration,6,1.16222,2.42667,4,1
2017-08-28,calibration,12,2.12037,3.14,9,1
2017-08-29,calibration,11,1.26778,1.68,6,1
2017-08-30,calibration,14,2.30704,3.31,10,1
2017-08-31,calibration,14,5.40852,5.88,11,1
2017-09-01,calibration,7,4.78704,5.85,6,1
2017-09-02,calibration,7,3.16407,3.7,6,1
2017-09-03,calibration,14,1.79222,3.09333,13,1
2017-09-04,calibration,12,1.67148,2.04,10,1
2017-09-05,calibration,12,2.45556,3.34,9,1
2017-09-06,calibration,10,2.5537,4.62,10,1
2017-09-07,calibration,6,2.20333,2.92,4,1
2017-09-08,calibration,8,1.52037,3.4,7,1
2017-09-09,calibration,5,2.17963,2.94,5,1
2017-09-10,calibration,15,2.43444,3.21,12,1
2017-09-11,calibration,16,1.91074,2.91,14,1
2017-09-12,calibration,12,2.7337,4.69,11,1
2017-09-13,calibration,20,1.96407,2.57,14,1
2017-09-14,calibration,20,4.53741,5.11,14,1
2017-09-15,calibration,14,2.20778,3.50667,9,1
2017-09-16,calibration,5,1.41222,2.1,5,1
2017-09-17,calibration,6,1.77593,4.06333,6,1
2017-09-18,calibration,17,2.27111,4.72,9,1
2017-09-19,calibration,12,3.05778,4.24,7,1
2017-09-20,calibration,16,2.6763,4.19,13,1
2017-09-21,calibration,11,1.54815,2.69,7,1
2017-09-22,calibration,12,1.81222,2.92,9,1
2017-09-23,calibration,9,3.00074,5.44,7,1
2017-09-24,calibration,11,4.63704,5.64,9,1
2017-09-25,calibration,15,4.0037,4.89,12,1
2017-09-26,calibration,15,2.18926,3.84667,13,1
2017-09-27,calibration,9,3.07519,4.03,8,1
2017-09-28,calibration,9,2.86963,5.87,9,1
2017-09-29,calibration,10,4.8137,5.19,6,1
2017-09-30,calibration,10,4.93407,5.58,8,1
2017-10-01,calibration,8,5.28296,6.16,7,1
2017-10-02,calibration,15,3.81444,6.3,9,1
2017-10-03,calibration,9,3.75889,4.66,8,1
2017-10-04,calibration,20,3.8037,5.0,14,1
2017-10-05,calibration,14,2.07111,2.72,9,1
2017-10-06,calibration,7,2.28074,3.2,7,1
2017-10-07,calibration,9,2.07593,3.08667,7,1
2017-10-08,calibration,7,2.06519,3.77,6,1
2017-10-09,calibration,10,2.67519,3.49,10,1
2017-10-10,calibration,13,2.24111,4.1,10,1
2017-10-11,calibration,16,1.86185,2.16,12,1
2017-10-12,calibration,6,1.6563,3.25,5,1
2017-10-13,calibration,7,1.78481,2.72,6,1
2017-10-14,calibration,11,2.79037,5.37,9,1
2017-10-15,calibration,9,5.98185,6.53,8,1
2017-10-16,calibration,17,4.99481,5.51,13,1
2017-10-17,calibration,16,2.2863,3.74,10,1
2017-10-18,calibration,13,1.97444,2.34,10,1
2017-10-19,calibration,16,4.29148,5.25,11,1
2017-10-20,calibration,11,2.33667,5.02,8,1
2017-10-21,calibration,7,1.82148,3.63,7,1
2017-10-22,calibration,14,2.71778,3.61,12,1
2017-10-23,calibration,14,5.08111,5.53,12,1
2017-10-24,calibration,9,3.85815,4.28,8,1
2017-10-25,calibration,12,2.14815,3.81,10,1
2017-10-26,calibration,11,3.21333,4.52,10,1
2017-10-27,calibration,11,3.57407,4.83,11,1
2017-10-28,calibration,4,6.92667,8.5,4,1
2017-10-29,calibration,8,2.91333,4.05,6,1
2017-10-30,calibration,15,1.7537,2.93,11,1
2017-10-31,calibration,14,4.31111,5.77,12,1
2017-11-01,calibration,11,5.00407,5.46,8,1
2017-11-02,calibration,8,3.63481,4.83,8,1
2017-11-03,calibration,17,1.60185,2.69,11,1
2017-11-04,calibration,11,6.35037,8.51,11,1
2017-11-05,calibration,8,3.37259,3.8,6,1
2017-11-06,calibration,12,4.76407,5.34667,12,1
2017-11-07,calibration,11,4.93222,5.45,10,1
2017-11-08,calibration,18,2.27741,4.22,16,1
2017-11-09,calibration,16,2.15111,2.6,13,1
2017-11-10,calibration,18,3.38074,3.92,15,1
2017-11-11,calibration,18,3.73667,4.12,12,1
2017-11-12,calibration,14,3.48667,4.4,11,1
2017-11-13,calibration,13,2.55704,4.31333,10,1
2017-11-14,calibration,16,3.97333,5.1,10,1
2017-11-15,calibration,14,2.1263,3.05,12,1
2017-11-16,calibration,24,3.91333,4.91,14,1
2017-11-17,calibration,15,3.35667,5.39,3,1
2017-11-18,calibration,11,4.2463,6.38,9,1
2017-11-19,calibration,14,3.19963,4.87,12,1
2017-11-20,calibration,18,3.45259,4.4,10,1
2017-11-21,calibration,21,1.94926,3.22,15,1
2017-11-22,calibration,18,3.72815,5.41,14,1
2017-11-23,calibration,21,3.81815,4.34,16,1
2017-11-24,calibration,73,1.30741,3.06,26,1
2017-11-25,calibration,30,1.92407,2.69,18,1
2017-11-26,calibration,23,6.64667,7.54,19,1
2017-11-27,calibration,28,3.00926,4.14,13,1
2017-11-28,calibration,38,3.89852,5.32,21,1
2017-11-29,calibration,26,3.78593,5.00667,15,1
2017-11-30,calibration,25,2.85963,5.11,14,1
2017-12-01,calibration,26,3.19556,4.6,17,1
2017-12-02,calibration,15,4.50111,5.74,13,1
2017-12-03,calibration,24,2.08444,4.44,17,1
2017-12-04,calibration,18,2.10815,3.54667,14,1
2017-12-05,calibration,20,3.65037,5.22,15,1
2017-12-06,calibration,20,2.71111,4.68,13,1
2017-12-07,calibration,19,2.32852,4.09,15,1
2017-12-08,calibration,22,2.83407,4.95,15,1
2017-12-09,calibration,7,2.40148,3.45,7,1
2017-12-10,calibration,11,1.66111,2.75667,9,1
2017-12-11,calibration,26,4.06296,6.39,18,1
2017-12-12,calibration,24,5.54111,5.81,14,1
2017-12-13,calibration,26,2.93741,4.55,16,1
2017-12-14,calibration,19,1.62259,2.84,14,1
2017-12-15,calibration,14,2.80148,3.61,11,1
2017-12-16,calibration,6,1.26222,3.58667,5,1
2017-12-17,calibration,7,3.17519,4.52,4,1
2017-12-18,calibration,16,2.82889,5.08,14,1
2017-12-19,calibration,17,2.46889,4.15,14,1
2017-12-20,calibration,10,1.98407,2.72,7,1
2017-12-21,calibration,17,1.81148,3.2,12,1
2017-12-22,calibration,13,3.62,4.46,12,1
2017-12-23,calibration,8,5.78185,6.94,7,1
2017-12-24,calibration,8,5.75556,7.1,7,1
2017-12-25,calibration,6,3.00852,4.22,5,1
2017-12-26,calibration,21,1.83333,4.02,14,1
2017-12-27,calibration,6,2.53704,3.36,6,1
2017-12-28,calibration,19,2.09778,3.34,13,1
2017-12-29,calibration,9,2.61667,3.41,7,1
2017-12-30,calibration,7,6.00963,7.25,6,1
2017-12-31,calibration,9,5.15704,5.88,6,1
2018-01-01,calibration,3,4.69963,5.63,3,1
2018-01-02,calibration,20,4.94185,6.03,16,1
2018-01-03,calibration,12,3.40852,3.94,9,1
2018-01-04,calibration,29,4.32037,4.77,18,1
2018-01-05,calibration,28,1.58111,3.59667,16,1
2018-01-06,calibration,10,2.49778,4.25,8,1
2018-01-07,calibration,23,3.04889,4.08667,14,1
2018-01-08,calibration,22,1.45815,1.97,14,1
2018-01-09,calibration,14,1.93519,2.97,11,1
2018-01-10,calibration,16,2.14111,3.19,14,1
2018-01-11,calibration,22,2.89852,3.48,15,1
2018-01-12,calibration,19,3.90037,5.3,14,1
2018-01-13,calibration,20,3.4363,4.75,10,1
2018-01-14,calibration,20,3.24852,4.78,14,1
2018-01-15,calibration,35,4.7963,5.87,19,1
2018-01-16,calibration,26,2.59963,3.75,16,1
2018-01-17,calibration,29,1.28704,2.24,16,1
2018-01-18,calibration,25,4.02074,5.34,18,1
2018-01-19,calibration,13,2.24778,3.58,10,1
2018-01-20,calibration,11,2.3737,3.85667,9,1
2018-01-21,calibration,19,1.79259,2.42,13,1
2018-01-22,calibration,25,2.28222,3.32,15,1
2018-01-23,calibration,29,2.84407,3.55,18,1
2018-01-24,calibration,29,1.26667,2.42,15,1
2018-01-25,calibration,14,3.35259,5.87,11,1
2018-01-26,calibration,25,4.20889,5.83,15,1
2018-01-27,calibration,12,4.42407,5.33,11,1
2018-01-28,calibration,10,1.87593,2.56,8,1
2018-01-29,calibration,14,2.65704,3.69,12,1
2018-01-30,calibration,24,2.6,3.53667,12,1
2018-01-31,calibration,37,3.96296,5.06,19,1
2018-02-01,calibration,26,3.38259,5.01,16,1
2018-02-02,calibration,22,2.14222,4.43,15,1
2018-02-03,calibration,8,4.83074,6.33,7,1
2018-02-04,calibration,13,4.09889,5.59,9,1
2018-02-05,calibration,26,3.94148,5.16,19,1
2018-02-06,calibration,25,2.23778,3.86,18,1
2018-02-07,calibration,22,2.26185,3.16,15,1
2018-02-08,calibration,12,1.22556,2.81,8,1
2018-02-09,calibration,26,1.61667,2.68333,18,1
2018-02-10,calibration,18,3.6537,4.61,14,1
2018-02-11,calibration,15,2.76444,3.47,12,1
2018-02-12,calibration,12,2.5537,3.68,9,1
2018-02-13,calibration,25,4.97593,5.51,13,1
2018-02-14,calibration,32,4.85111,5.58,17,1
2018-02-15,calibration,27,2.76,4.22,17,1
2018-02-16,calibration,23,3.37259,4.88,12,1
2018-02-17,calibration,15,2.64889,4.13333,12,1
2018-02-18,calibration,21,1.41222,2.0,13,1
2018-02-19,calibration,21,3.33926,4.58,13,1
2018-02-20,calibration,36,5.53259,6.55,20,1
2018-02-21,calibration,20,4.90333,5.58,11,1
2018-02-22,calibration,28,2.31963,2.83,17,1
2018-02-23,calibration,29,3.87519,4.90667,16,1
2018-02-24,calibration,17,4.09926,5.71,15,1
2018-02-25,calibration,20,3.3037,5.3,17,1
2018-02-26,calibration,30,1.61889,2.42,20,1
2018-02-27,calibration,22,2.91222,3.75,15,1
2018-02-28,calibration,23,2.03556,3.81667,13,1
2018-03-01,calibration,26,1.30593,3.05,19,1
2018-03-02,calibration,29,2.0237,3.91,16,1
2018-03-03,calibration,14,1.98333,3.35333,11,1
2018-03-04,calibration,22,1.95852,3.2,16,1
2018-03-05,development,23,2.45815,3.74,16,1
2018-03-06,development,36,1.9863,3.31,20,1
2018-03-07,development,23,2.94593,3.92667,17,1
2018-03-08,development,22,4.17704,4.53,10,1
2018-03-09,development,21,2.41333,4.02,14,1
2018-03-10,development,14,2.20407,3.91,13,1
2018-03-11,development,20,1.19185,1.94667,14,1
2018-03-12,development,17,3.86926,4.41,13,1
2018-03-13,development,21,1.59481,2.85667,13,1
2018-03-14,development,18,2.93,3.85,13,1
2018-03-15,development,34,4.15222,5.36,18,1
2018-03-16,development,18,2.29963,3.62,12,1
2018-03-17,development,11,2.28963,4.08,9,1
2018-03-18,development,22,1.95222,2.89,16,1
2018-03-19,development,25,2.61444,3.36,16,1
2018-03-20,development,35,1.40333,2.95,20,1
2018-03-21,development,29,2.29296,3.94,20,1
2018-03-22,development,27,2.38667,4.25333,18,1
2018-03-23,development,27,1.54444,2.88333,19,1
2018-03-24,development,20,2.36222,3.34,14,1
2018-03-25,development,12,2.84704,3.41,8,1
2018-03-26,development,23,1.7663,2.97,16,1
2018-03-27,development,24,2.22778,3.08,16,1
2018-03-28,development,25,1.72333,2.59,12,1
2018-03-29,development,21,2.08889,3.19,15,1
2018-03-30,development,12,1.88741,2.46333,10,1
2018-03-31,development,20,1.93852,2.98,15,1
2018-04-01,development,16,3.34222,4.84,12,1
2018-04-02,development,32,4.89815,5.83,21,1
2018-04-03,development,26,2.64407,3.45,18,1
2018-04-04,development,30,1.54519,3.73667,19,1
2018-04-05,development,33,1.57963,3.74667,20,1
2018-04-06,development,19,2.67222,4.3,16,1
2018-04-07,development,21,2.06519,4.44,15,1
2018-04-08,development,14,2.12259,4.04667,10,1
2018-04-09,development,18,1.72556,3.60333,13,1
2018-04-10,development,20,1.59963,3.06333,13,1
2018-04-11,development,30,2.5737,3.40667,14,1
2018-04-12,development,30,1.44,2.41,20,1
2018-04-13,development,13,1.1737,2.61,10,1
2018-04-14,development,17,3.79926,4.7,12,1
2018-04-15,development,18,4.37222,5.01,11,1
2018-04-16,development,26,5.6,6.22,17,1
2018-04-17,development,25,4.31481,5.02,15,1
2018-04-18,development,24,2.53778,3.29,17,1
2018-04-19,development,27,1.82444,2.48333,22,1
2018-04-20,development,26,2.24593,3.52,18,1
2018-04-21,development,12,2.18963,3.50333,9,1
2018-04-22,development,10,2.31333,3.80667,10,1
2018-04-23,development,25,1.52667,3.94,18,1
2018-04-24,development,12,1.8063,4.13333,10,1
2018-04-25,development,32,1.98815,3.81667,18,1
2018-04-26,development,21,1.64815,3.94333,17,1
2018-04-27,development,17,1.81185,2.73,10,1
2018-04-28,development,21,1.14778,2.03333,15,1
2018-04-29,development,13,1.62519,2.65,12,1
2018-04-30,development,28,2.16407,2.82,19,1
2018-05-01,development,23,1.7137,3.72667,14,1
2018-05-02,development,31,2.63741,4.05667,17,1
2018-05-03,development,22,1.67926,2.77,15,1
2018-05-04,development,26,1.26815,2.08,19,1
2018-05-05,development,18,2.06074,3.74,15,1
2018-05-06,development,16,3.52778,4.47,12,1
2018-05-07,development,25,3.79778,4.61,16,1
2018-05-08,development,33,4.18037,4.59,15,1
2018-05-09,development,30,2.75185,3.21,21,1
2018-05-10,development,18,1.79704,2.62,12,1
2018-05-11,development,17,4.21815,5.17,13,1
2018-05-12,development,19,3.20148,4.08,13,1
2018-05-13,development,12,2.11778,4.04667,9,1
2018-05-14,development,37,2.89111,4.49,21,1
2018-05-15,development,43,3.4237,4.47,22,1
2018-05-16,development,41,3.53259,4.11,23,1
2018-05-17,development,24,2.81148,3.22,10,1
2018-05-18,development,28,3.71889,5.08,16,1
2018-05-19,development,20,5.75185,7.47,14,1
2018-05-20,development,13,6.41926,7.65,10,1
2018-05-21,development,34,1.05185,1.41,18,1
2018-05-22,development,27,1.84444,2.33,16,1
2018-05-23,development,18,2.15815,3.90667,12,1
2018-05-24,development,22,2.62333,3.98,15,1
2018-05-25,development,12,2.36481,3.61,10,1
2018-05-26,development,9,2.18185,3.08,8,1
2018-05-27,development,12,2.25926,3.07333,12,1
2018-05-28,development,19,3.02,3.49,16,1
2018-05-29,development,13,2.04444,2.94,9,1
2018-05-30,development,14,1.8363,2.27,9,1
2018-05-31,development,17,2.00222,3.11,12,1
2018-06-01,development,19,3.13444,4.43,12,1
2018-06-02,development,12,3.78,4.6,8,1
2018-06-03,development,16,4.2763,4.66,11,1
2018-06-04,holdout,27,3.51852,4.58,18,1
2018-06-05,holdout,16,1.41074,2.13333,12,1
2018-06-06,holdout,23,2.58926,3.68,18,1
2018-06-07,holdout,26,4.34889,5.82,19,1
2018-06-08,holdout,14,1.49222,2.6,10,1
2018-06-09,holdout,12,1.57963,2.52,11,1
2018-06-10,holdout,17,2.74333,3.45,12,1
2018-06-11,holdout,31,3.28963,4.02,17,1
2018-06-12,holdout,24,3.29741,4.36,14,1
2018-06-13,holdout,31,3.50111,4.74,15,1
2018-06-14,holdout,20,4.23889,4.53,14,1
2018-06-15,holdout,20,3.24259,3.91,16,1
2018-06-16,holdout,5,4.13148,4.79,5,1
2018-06-17,holdout,19,2.87667,3.64667,14,1
2018-06-18,holdout,22,2.59444,3.29333,16,1
2018-06-19,holdout,27,2.52519,3.45,20,1
2018-06-20,holdout,24,1.40778,2.22,18,1
2018-06-21,holdout,20,2.79704,4.17,15,1
2018-06-22,holdout,24,0.98593,1.42,16,1
2018-06-23,holdout,13,2.02,2.82,10,1
2018-06-24,holdout,23,2.22407,3.19,14,1
2018-06-25,holdout,30,3.36259,4.36,18,1
2018-06-26,holdout,24,2.92519,4.12,15,1
2018-06-27,holdout,15,2.66704,3.97,11,1
2018-06-28,holdout,23,1.93667,2.43,16,1
2018-06-29,holdout,20,1.79667,2.6,14,1
2018-06-30,holdout,9,1.76889,2.79,8,1
2018-07-01,holdout,18,0.9,1.58333,14,1
2018-07-02,holdout,26,2.74444,3.69,17,1
2018-07-03,holdout,17,3.19074,4.6,12,1
2018-07-04,holdout,24,1.81667,2.97,17,1
2018-07-05,holdout,24,1.27815,1.84,16,1
2018-07-06,holdout,19,1.10741,2.14667,15,1
2018-07-07,holdout,11,2.79259,3.83,8,1
2018-07-08,holdout,9,3.35222,4.57,8,1
2018-07-09,holdout,16,2.19111,3.56667,12,1
2018-07-10,holdout,19,3.0737,4.2,15,1
2018-07-11,holdout,13,3.28778,3.94,10,1
2018-07-12,holdout,12,1.81852,2.94,9,1
2018-07-13,holdout,8,1.36963,1.77,7,1
2018-07-14,holdout,3,0.94704,1.56667,3,1
2018-07-15,holdout,8,1.55519,1.94,8,1
2018-07-16,holdout,14,1.35593,1.84667,12,1
2018-07-17,holdout,14,2.30148,2.82,11,1
2018-07-18,holdout,31,2.10185,2.9,17,1
2018-07-19,holdout,24,2.00037,3.22,17,1
2018-07-20,holdout,38,3.86259,5.02,17,1
2018-07-21,holdout,18,3.46667,5.77,12,1
2018-07-22,holdout,19,3.96926,4.63,10,1
2018-07-23,holdout,27,1.27074,2.02667,17,1
2018-07-24,holdout,33,3.90037,5.32,18,1
2018-07-25,holdout,29,2.75148,3.63333,16,1
2018-07-26,holdout,30,1.59,2.55,19,1
2018-07-27,holdout,22,1.35963,2.01,13,1
2018-07-28,holdout,17,2.02889,2.93,8,1
2018-07-29,holdout,16,4.16,5.23,12,1
2018-07-30,holdout,39,2.56926,4.48,19,1
2018-07-31,holdout,28,3.18593,4.04,17,1
2018-08-01,holdout,30,4.46852,4.88,20,1
2018-08-02,holdout,41,3.45074,4.12,13,1
2018-08-03,holdout,38,1.61481,2.86333,21,1
2018-08-04,holdout,26,1.7763,2.26,16,1
2018-08-05,holdout,20,0.97296,1.65,16,1
2018-08-06,holdout,37,1.23889,2.01,19,1
2018-08-07,holdout,35,3.4337,4.05,18,1
2018-08-08,holdout,36,1.56481,2.01,19,1
2018-08-09,holdout,35,5.21222,5.59,21,1
2018-08-10,holdout,23,5.93667,6.56,15,1
2018-08-11,holdout,12,2.49222,2.97,10,1
2018-08-12,holdout,11,3.13852,3.38,10,1
2018-08-13,holdout,37,3.55741,3.79,17,1
2018-08-14,holdout,34,0.80296,2.02,18,1
2018-08-15,holdout,31,4.40556,4.92,18,1
2018-08-16,holdout,43,4.46444,4.92,24,1
2018-08-17,holdout,22,4.3837,4.61,14,1
2018-08-18,holdout,25,2.87222,3.55,16,1
2018-08-19,holdout,20,1.66704,2.01,16,1
2018-08-20,holdout,26,1.27222,2.11,15,1
2018-08-21,holdout,28,2.21852,4.28667,16,1
2018-08-22,holdout,34,1.54778,1.92,18,1
2018-08-23,holdout,23,1.76481,2.5,16,1
2018-08-24,holdout,21,3.80296,4.82,15,1
2018-08-25,holdout,9,5.43852,7.94,8,1
2018-08-26,holdout,8,4.71926,4.96,8,1
2018-08-27,holdout,20,4.57444,4.8,15,1
2018-08-28,holdout,13,2.70889,4.61,9,1
2018-08-29,holdout,2,1.69222,2.25333,2,1
2018-08-30,holdout,1,3.06778,3.72,1,1
2018-08-31,holdout,0,2.78296,3.55,0,0
2018-09-01,holdout,0,2.08481,3.34,0,0
2018-09-02,holdout,0,2.71963,4.05,0,0
2018-09-03,holdout,2,5.14556,6.7,2,1
2018-09-04,holdout,0,3.69519,5.1,0,0
2018-09-05,holdout,0,4.59926,5.1,0,0
2018-09-06,holdout,0,3.74778,4.37,0,0
